BrandName,BrandDetails,Price
Anna Field,Top,£8.99
Levi's®,Print T-shirt,£13.19 £21.99
Mango,OPENWORK - Top,£29.99
Even&Odd,Print T-shirt,£8.44 £12.99
Massimo Dutti,Blouse,£39.95
Tommy Hilfiger,REGULAR CIRCLE TEE - Print T-shirt,£32.99 £43.99
Even&Odd,BODYSUIT - Long sleeved top,£15.99
Hollister Co.,BARE CAMI 3 PACK - Top,£27.29 £38.99
Guess,REBECCA TEE - Print T-shirt,£32.99
Levi's®,PERFECT V NECK - Print T-shirt,£19.99 £24.99
Anna Field,HATTIE - Print T-shirt,£7.79 £12.99
Anna Field,Basic T-shirt,£10.39 £12.99
Tommy Hilfiger,HERITAGE SHORT SLEEVE - Polo shirt,£49.99
Massimo Dutti,Blouse,£39.95
ONLY,ONLFLORA CAPSL WVN NOOS - Blouse,£21.99
Tommy Jeans,CENTER BADGE STRAP - Top,£25.99
Kaffe,KACALINA BLOUSE - Blouse,£34.99
Anna Field,Print T-shirt,£8.99 £14.99
Tommy Hilfiger,HERITAGE CREW NECK GRAPHIC TEE - Print T-shirt,From £19.99 £24.99
Anna Field,2 PACK - Basic T-shirt,£12.79 £15.99
Calvin Klein Jeans,SLIM 2 PACK - Print T-shirt,£35.99 £39.99
Even&Odd,Print T-shirt,£12.99
Anna Field,Top,£15.99
Anna Field Petite,Print T-shirt,£8.99 £14.99
adidas Originals,Long sleeved top,£32.49 £49.99
Anna Field,Basic T-shirt,£9.99
Anna Field,2 PACK - Top,£10.39 £12.99
Anna Field Curvy,Print T-shirt,£11.19 £13.99
Anna Field,Blouse,£17.99
Calvin Klein Jeans,LOGO SLIM FIT TEE - Print T-shirt,£22.49 £29.99
Tommy Jeans,TIMELESS TEE UNISEX - Print T-shirt,£25.99 £39.99
Abercrombie & Fitch,CREW 3 PACK - Basic T-shirt,£32.24 £42.99
Even&Odd Curvy,Print T-shirt,£9.74 £14.99
Levi's®,HOUSEMARK GRAPHIC TEE UNISEX - Print T-shirt,£16.89 £25.99
Anna Field,Basic T-shirt,£19.99
Anna Field,Top,£15.99
Even&Odd,Print T-shirt,£10.99
Even&Odd,Top,£8.99 £14.99
Even&Odd,Print T-shirt,£12.99
Roxy,SUMMERTIMEHAPIN - Print T-shirt,£22.39 £31.99
adidas Originals,STRIPES TEE - Print T-shirt,From £20.79 £25.99
Tommy Hilfiger,HERITAGE CREW NECK GRAPHIC TEE - Print T-shirt,From £22.49 £24.99
Even&Odd,Long sleeved top,£13.99
Nike Sportswear,W NSW TEE JDI SLIM - Print T-shirt,£13.99 £19.99
Anna Field,Blouse,£17.99
Anna Field,Long sleeved top,£9.99
Tommy Jeans,SKINNY STRETCH V NECK - Basic T-shirt,£21.69 £30.99
Levi's®,THE PERFECT - Print T-shirt,£16.49 £21.99
Tommy Hilfiger,HERITAGE CREW NECK GRAPHIC TEE - Print T-shirt,From £21.24 £24.99
Anna Field,Long sleeved top,£14.99
Anna Field,2 PACK - Long sleeved top,£17.99
Even&Odd,Top,£5.99
Even&Odd,Basic T-shirt,£7.79 £12.99
Even&Odd,2 PACK - Basic T-shirt,£9.59 £15.99
Monki,CHRIS 2 PACK - Basic T-shirt,£17.99
Esprit,MIX - Print T-shirt,£25.99
Selected Femme,SLFSTANDARD TEE - Long sleeved top,£16.49 £21.99
YOURTURN,UNISEX - Print T-shirt,£12.99
Nike Sportswear,TEE MOCK LOVE - Long sleeved top,£15.59 £25.99
Anna Field,Basic T-shirt,£12.79 £15.99
Anna Field,Basic T-shirt,£12.99
Anna Field,Print T-shirt,£10.99
Anna Field,Long sleeved top,£9.09 £12.99
YOURTURN,UNISEX - Print T-shirt,£12.99
Anna Field,MODERN TEE - Basic T-shirt,£9.99
Even&Odd,Top,£14.99
Anna Field,Top,£13.59 £15.99
Trendyol,SET - Top,£25.99
Even&Odd,2 PACK - Print T-shirt,£15.99
Even&Odd,SWEETHEART NECKLINE SLEEVELESS CROP - Top,£9.59 £15.99
Pepe Jeans,AMBERTA - Long sleeved top,£26.99
Vero Moda,VMAVA PLAIN - Basic T-shirt,£12.99
Tommy Hilfiger,HERITAGE SHORT SLEEVE - Polo shirt,From £34.99 £49.99
Levi's®,THE PERFECT TEE - Print T-shirt,£15.39 £21.99
Massimo Dutti,Basic T-shirt,£14.95
Anna Field,Basic T-shirt,£13.59 £15.99
Anna Field,MODERN TEE - Basic T-shirt,£9.99
Anna Field,2 PACK - Basic T-shirt,£15.99
adidas Originals,Print T-shirt,£24.95
Hollister Co.,Print T-shirt,£16.49 £21.99
Tommy Hilfiger,Print T-shirt,£34.99
Anna Field,Top,£12.99
Moss Copenhagen,LITY SINGLET - Top,£34.99
Opus,SANIKA - Basic T-shirt,£15.99
ONLY,ONLVIC SOLID - Print T-shirt,£13.99
Even&Odd,Print T-shirt,£12.99
Anna Field,Basic T-shirt,£15.99
Weekday,MARGERIE LONG SLEEVE - Long sleeved top,£15.59 £25.99
Anna Field,T-SHIRT-LINEN BLEND - Print T-shirt,£14.39 £15.99
Anna Field,Basic T-shirt,£9.99
Anna Field,Long sleeved top,£10.19 £16.99
Anna Field,Basic T-shirt,£8.99 £14.99
Even&Odd,Top,£8.09 £8.99
Hollister Co.,BUTTON THRU - Long sleeved top,£14.29 £21.99
Converse,HARING GRAPHIC TEE - Print T-shirt,£24.99
Hollister Co.,TECH CORE - Print T-shirt,£13.29 £18.99
Anna Field,Long sleeved top,£9.59 £15.99
Pieces,Top,From £14.99
Trendyol,Long sleeved top,£16.89 £25.99
Polo Ralph Lauren,Print T-shirt,£74.99
Anna Field,Top,£7.19 £8.99
Even&Odd,Top,£8.79 £10.99
Nike Sportswear,TEE BOY LOVE - Print T-shirt,£15.39 £21.99
JDY,JDYNANNA - Top,£17.99
Calvin Klein Jeans,INSTITUTIONAL LOGO TEE - Print T-shirt,£20.99 £29.99
Massimo Dutti,Print T-shirt,£29.95
Anna Field,Basic T-shirt,£9.99
Anna Field,3 PACK - Basic T-shirt,£15.99 £19.99
Anna Field,Print T-shirt,£7.79 £12.99
ONLY,ONLNELLA BUTTON - Print T-shirt,£13.59 £16.99
Massimo Dutti,Basic T-shirt,£14.95
Anna Field,Print T-shirt,£12.99
Nike Sportswear,AIR - Print T-shirt,£20.79 £25.99
Anna Field,Top,£11.69 £12.99
Anna Field,Basic T-shirt,£15.99
Even&Odd,Print T-shirt,£11.24 £14.99
JDY,JDYSUN TANK - Top,£14.99
Anna Field,Top,£11.19 £15.99
Anna Field,2 PACK - Long sleeved top,£8.99 £14.99
Ted Baker,LEHOO - Print T-shirt,£39.19 £48.99
Anna Field,2 PACK - Top,£10.49 £14.99
Anna Field,Long sleeved top,£9.59 £15.99
Nike Sportswear,AIR - Print T-shirt,£18.19 £25.99
ONLY,ONLNELLA BUTTON - Top,£12.99
Anna Field,Long sleeved top,£8.99 £14.99
ONLY,ONLNILA LIFE LINES BOX - Print T-shirt,£12.99
YOURTURN,Print T-shirt,£12.99
Guess,MIRIANA TEE - Print T-shirt - true white,£23.99 £31.99
JDY,JDYNANNA - Top,£12.59 £17.99
Anna Field,2 PACK - Top,£10.39 £12.99
Even&Odd,Top,£15.99
Vila,VISTASIA - Blouse,£20.39 £23.99
GAP,TANK - Top,£10.49 £14.99
Anna Field,Top,£10.99
Tommy Jeans,LINEAR LOGO TEE - Print T-shirt,£32.99
Anna Field,Print T-shirt,£14.99
Vila,VISONILLA DETAIL - Top,£14.99
Calvin Klein Jeans,SHINE LOGO TEE - Print T-shirt,£23.99 £29.99
Even&Odd,2 PACK - Top,£17.99
Nike Sportswear,TEE MOCK LOVE - Long sleeved top,£15.59 £25.99
Anna Field,Long sleeved top,£8.99 £14.99
Mango,BUBBLE - Blouse,£29.99
NU-IN,NU-IN X AMALIE STAR CROPPED BABY FIT - Basic T-shirt,£17.99
edc by Esprit,TEE - Print T-shirt,£13.99
ONLY,ONLRHINA LIFE FLOWER - Print T-shirt,£13.49 £14.99
ONLY,ONLLIVELOVE BUTTON DETAIL CROPPED - Top,£12.99
Monki,TOVI TEE - Print T-shirt,£7.79 £12.99
Even&Odd,Top,£12.99
Even&Odd,2 PACK - Top,£12.99
ONLY,ONLRHONWEN - Long sleeved top,£10.79 £17.99
Cotton On,CLASSIC ARTS TEE - Print T-shirt,£9.74 £12.99
Monki,JAMIE 2 PACK - Top,£17.99
Tommy Jeans,STRIPE CROP TEE - Print T-shirt,£32.99
Hollister Co.,TIMELESS - Print T-shirt,£11.39 £18.99
Springfield,CAMISETA HOMBRERAS - Print T-shirt,£13.99
Anna Field,SHORT SLEEVE BOATNECK TOP - Print T-shirt,£10.99
JDY,JDYSTAAR LIFE - Blouse,£12.99
Tommy Hilfiger,REGULAR CLASSIC - Long sleeved top,£35.99 £44.99
Even&Odd,Print T-shirt,£8.39 £13.99
Converse,HARING ELEVATED GRAPHIC TEE UNISEX - Print T-shirt,£31.99
Even&Odd,Top,£7.19 £8.99
Cotton On,CLASSIC LED ZEPPELIN 1977 TOUR - Print T-shirt,£8.99 £14.99
edc by Esprit,BLOUSE - Print T-shirt,£28.99
Tommy Jeans,ESSENTIAL LOGO TEE - Print T-shirt,£19.49 £25.99
GAP,TANK - Top,£10.49 £14.99
Springfield,CROCHET - Print T-shirt,£13.99
Hollister Co.,BUTTON THRU HENLEY - Long sleeved top,£13.19 £21.99
Nike Sportswear,TEE ICON - Long sleeved top,£24.99
Anna Field,Long sleeved top,£10.99
Cotton On,CLASSIC LED ZEPPELIN - Print T-shirt,£14.99
JDY,JDYSHANDIE LIFE 2 PACK - Top,£21.99
Calvin Klein Jeans,MONOGRAM SLIM V-NECK TEE - Basic T-shirt,£25.99
Monki,CLAUDIA - Long sleeved top,£10.79 £17.99
Zign,Top,£10.99
Esprit,TEE - Print T-shirt,£19.54 £22.99
Esprit,Print T-shirt,£13.99
More & More,Basic T-shirt,£12.59 £17.99
edc by Esprit,VNECK TEE - Basic T-shirt,£13.99
Hollister Co.,TECH CORE - Print T-shirt,£11.39 £18.99
Tommy Hilfiger,HERITAGE LONG SLEEVE SLIM - Polo shirt,£41.99 £59.99
ONLY,ONLDREA LIFE PUFF SMOCK - Print T-shirt,£14.99
Nike Sportswear,TEE ICON - Long sleeved top,£19.99 £24.99
Vero Moda Petite,VMLULU HIGH NECK - Long sleeved top,£21.99
ONLY,ONLNELLA BUTTON - Print T-shirt,£16.99
Anna Field,3 PACK - Top,£19.99
Even&Odd,Basic T-shirt,£8.99 £14.99
Pieces Petite,PCGRACELIA WRAP - Long sleeved top,£14.24 £18.99
JDY,Print T-shirt,£11.99
Saint Tropez,BRIANA - Blouse,£29.99
Lacoste,PF7845 - Polo shirt,£55.99 £79.99
Vila,VISUS - Print T-shirt,£14.99
edc by Esprit,Top,£14.99
JDY,JDYFRULLA SMOCK STRAP - Top,£14.99
Anna Field MAMA,NURSING Basic T-shirt - Basic T-shirt,£6.59 £10.99
ONLY,ONLTAMARA - Long sleeved top,£23.99
Cotton On,CLASSIC TEE - Print T-shirt,£8.99 £14.99
Vero Moda,VMAVA PLAIN - Basic T-shirt,£11.99
Even&Odd,Print T-shirt,£12.99
Monki,ALICE CROP SINGLET 3 PACK - Top,£20.99
Vero Moda,VMSOFIA LACE TOP - Basic T-shirt,£17.99
JDY,JDYKAREN FROSTY FRILL - Print T-shirt,£12.99
Kaffe,AMBER BLOUSE - Blouse,£24.99
JDY,JDYSTARR LIFE STRAP SMOCK - Top,£17.99
Vila,VIPILINE - Long sleeved top,£23.99
mbyM,LAI - Top,£34.99
ONLY,ONLVIC DETAIL - Blouse,£17.99
Monki,CLAUDIA - Long sleeved top,£17.99
JDY,JDYAPPA SINGLET - Top,£12.99
Abercrombie & Fitch,SOFT TEE - Basic T-shirt,£12.59 £17.99
Anna Field,3 PACK - Basic T-shirt,£21.99
Even&Odd,Print T-shirt,£12.99
ONLY,ONLPELLA PUFF - Long sleeved top,£17.99
Zign,Top,£10.99
ARKET,LONGSLEEVE - Long sleeved top,£16.99
TOM TAILOR,STRIPE - Long sleeved top,£17.99
Zign,Top,£12.59 £17.99
Cotton On,TWO BECOME ONE CARDI CAMI SET - Cardigan,£23.39 £25.99
Monki,JOLINA - Basic T-shirt,£7.79 £12.99
ONLY,ONLRHINA LIFE FLOWER - Print T-shirt,£8.99 £14.99
ONLY,ONLLINA - Top,£17.99
b.young,BYMMJOELLA BLOUSE - Print T-shirt,£24.99
Vero Moda,VMKERRY O NECK - Print T-shirt,£12.99
ONLY,ONLFACE EARING - Print T-shirt,£17.99
Levi's®,HOUSEMARK GRAPHIC TEE UNISEX - Print T-shirt,£20.79 £25.99
Anna Field,Print T-shirt,£10.99
Anna Field MAMA,NURSING 3er PACK - Top - Top,£23.39 £25.99
JDY,JDYAPPA NEW SINGLET - Top,£14.99
Even&Odd,Long sleeved top,£10.79 £17.99
Monki,ULLE - Long sleeved top,£17.99
New Look,BABYLOCK TEE - Long sleeved top,£7.79 £12.99
ONLY,ONLVIC SOLID - Print T-shirt,£12.99
edc by Esprit,CORE HIGH - Basic T-shirt,£14.99
Weekday,TOGETHER HALTER TANK 2 PACK - Top,£10.79 £17.99
ONLY,ONLVIC SOLID - Print T-shirt,£12.59 £13.99
Vila,VIDITSY WRAP - Print T-shirt,£34.99
Tommy Jeans,BABY TEE - Print T-shirt,£32.99
Even&Odd,Basic T-shirt,£9.74 £12.99
Weekday,KALANI CROPPED LONG SLEEVE - Polo shirt,£16.89 £25.99
ONLY,ONLSIMPLE LIFE BUTTON - Long sleeved top,£8.99 £14.99
Morgan,DENYSA - Top,£23.99
Even&Odd,HATTIE MIRRORED DRAGONS TEE - Print T-shirt,£12.99
TOM TAILOR DENIM,RUFFLE NECK BLOUSE - Blouse,£20.99 £34.99
Even&Odd,SQUARE NECK CROP 2 PACK - Top,£12.99
Tommy Hilfiger,ALISSA REGULAR TEE - Print T-shirt,£24.99
Soyaconcept,THILDE - Blouse,£32.99
Trendyol,Print T-shirt,£9.74 £12.99
Monki,TOVI TEE - Print T-shirt,£8.44 £12.99
edc by Esprit,Top,£14.99
Anna Field Tall,3 PACK - Basic T-shirt,£15.99 £19.99
Even&Odd,Long sleeved top,£10.79 £17.99
Esprit,TEE PRINT - Print T-shirt,£17.99
Anna Field Tall,Long sleeved top,£15.99
Massimo Dutti,Long sleeved top,£44.95
Anna Field,V Neck top - Blouse,£13.99 £19.99
Soyaconcept,SANELA - Blouse,£29.99
More & More,Top,£22.99
edc by Esprit,STRAP - Top,£9.99
NA-KD,HALTERNECK - Long sleeved top,£18.59 £30.99
GAP,HENLEY - Long sleeved top,£13.19 £21.99
Hollister Co.,TIMELESS - Print T-shirt,£11.39 £18.99
Monki,EDDA SINGLET 2 PACK - Top - orange/black dark solid,£13.99
Weekday,SENA TIE DYE LONG SLEEVE - Long sleeved top,£19.79 £21.99
Pieces Petite,PCRIA FOLD UP SOLID TEE - Basic T-shirt,£12.99
ONLY,ONLASTRID SINGLET - Top,£17.99
Even&Odd Tall,MUSCLE TEE WITH PLEATS - Basic T-shirt,£9.74 £12.99
Tommy Jeans,FLAG TEE - Print T-shirt,£24.49 £34.99
ONLY,ONLLIVELOVE BUTTON DETAIL CROPPED - Top,£12.99
adidas Originals,Long sleeved top,From £18.59 £30.99
Seidensticker,Blouse,£69.99
Culture,FILUKA CAP SLEEVE - Blouse,£64.99
Vero Moda,VMFAGIA - Blouse,£14.99
Cotton On,THE DEEP - Basic T-shirt,From £8.99
YAS Tall,YASCHELLA SINGLET FEST TALL - Top,£30.99
Springfield,SEQUEENS - Print T-shirt,£13.99
ONLY,ONLVIC SOLID - Print T-shirt,£13.99
Missguided,WRAP FRONT LONG SLEEVE SET - Leggings - Trousers,£46.99
ONLY,ONLVIC - Print T-shirt,£13.49 £14.99
ONLY,ONLELEMA ONECK BOX - Blouse,£17.09 £18.99
Monki,VINNIE - Long sleeved top,£17.99
Vero Moda,VMALBERTA SINGLET - Top,£12.59 £17.99
GAP,TEE - Print T-shirt,£12.59 £17.99
GAP,EASY TEE - Print T-shirt,£18.69 £21.99
GAP,TEE - Print T-shirt,£12.59 £17.99
Cotton On,KARLY SHORT SLEEVE - Basic T-shirt,£12.99
InWear,CATJA - Blouse,£59.99
ONLY,ONLSILLE - Blouse,£14.39 £23.99
Massimo Dutti,MIT SLOGAN - Print T-shirt,£29.95
Massimo Dutti,MIT TASCHE - Basic T-shirt,£29.95
GAP,TANK - Top,£9.74 £12.99
b.young,Basic T-shirt,£24.99
Even&Odd,BASIC- elbow sleeve jumper - Jumper,£17.99
ONLY,ONYARIVA MIX - Blouse,£10.79 £17.99
Pieces Petite,PCKITTE - Basic T-shirt,£14.99
Tommy Jeans,TIMELESS BOX TEE UNISEX - Print T-shirt,£25.99 £39.99
Abercrombie & Fitch,ICON VNECK TEE - Basic T-shirt,£13.49 £17.99
ONLY,ONLSIMPLE LIFE BUTTON - Long sleeved top,£8.99 £14.99
edc by Esprit,HOODY - Long sleeved top,£25.99
ONLY,ONLPELLA WRAP - Print T-shirt,£17.99
adidas Originals,TREFOIL TEE - Print T-shirt,From £21.24 £24.99
Weekday,STRAP CROP 2 PACK - Top,£14.99 £19.99
Even&Odd Tall,2 PACK - Top,£17.99
Monki,URSULA - Long sleeved top,£20.99
Weekday,STRAP CROP 2 PACK - Top,£11.99 £19.99
ONLY,ONLTAMARA - Long sleeved top,£23.99
ARKET,Long sleeved top,£13.19 £21.99
Mango,Blouse,£35.99
Levi's® Plus,TEE 2 PACK - Print T-shirt,£24.49 £34.99
JDY,JDYCATHINKA - Print T-shirt,£12.99
ICHI,BRUCE - Long sleeved top,£19.49 £29.99
Levi's®,STANDARD FIT TEE - Long sleeved top,£20.99 £34.99
Vero Moda Petite,VMSIMPLY EASY TIETOP - Print T-shirt,£18.99
ONLY,ONLNICOLE LIFE MIX - Print T-shirt,£14.99
Esprit,Print T-shirt,£13.99
Hollister Co.,TIMELESS - Print T-shirt,£11.39 £18.99
Monki,TOVI TEE - Print T-shirt,£8.44 £12.99
Levi's®,LS BABY TEE - Long sleeved top,£26.99 £29.99
Cotton On,CLASSIC TEE - Print T-shirt,£8.99 £14.99
Pieces,PCGRACELIA WRAP - Long sleeved top,£18.99
Esprit Collection,MATT SHINY - Blouse,£38.99
NU-IN,FRONT WRAP LONG SLEEVE - Long sleeved top,£23.39 £25.99
JDY,JDYCATHINKA - Print T-shirt,£11.99
aerie,CROP HENLEY TEE - Long sleeved top,£20.99 £34.99
Trendyol,Print T-shirt,£14.99
Hollister Co.,VINTAGE BABY TEE - Print T-shirt,£11.04 £16.99
Springfield,CROCHET - Print T-shirt,£13.99
Vero Moda,VMLEAH - Print T-shirt,£21.99
Tommy Jeans,SKINNY STRETCH V NECK - Basic T-shirt,£21.69 £30.99
NU-IN,OFF SHOULDER HEART NECK - Long sleeved top,£21.99
Even&Odd,Basic T-shirt,£10.99
GAP,TANK - Top,£9.09 £12.99
Even&Odd Tall,WITH WIDE COLLAR - Basic T-shirt,£6.74 £8.99
ONLY,ONLNELLA BUTTON - Top,£12.99
edc by Esprit,CORE OCS BASIC - Top,£9.99
ONLY,ONLVIC SOLID - Print T-shirt,£12.99
Opus,SANIKA - Basic T-shirt,£15.99
Even&Odd,Long sleeved top,£16.49 £21.99
Monki,ESTHER - Long sleeved top,£18.69 £21.99
GAP,BATEAU - Long sleeved top,£15.59 £25.99
ONLY,2 PACK - Top,£12.99
Levi's®,THE PERFECT TEE - Print T-shirt,£21.99
ONLY,ONLUMA LIFE - Polo shirt,£11.39 £18.99
Esprit Collection,Top,£24.99
American Eagle,STITCHED HENLEY - Long sleeved top,£18.59 £30.99
Even&Odd,Basic T-shirt,£10.49 £14.99
JDY,JDYAPPA NEW SINGLET - Top,£14.99
Lace & Beads,HAZEL - Top,£59.99
Nike Sportswear,TEE - Long sleeved top,£25.99
Cotton On,ASH CROP TANK 2 PACK - Top,£16.99
Emily van den Bergh,Blouse - rose/navy,£45.49 £69.99
Even&Odd,KNITWEAR SET - Cardigan,£39.99
Morgan,DEANA - Print T-shirt,£37.99
Hollister Co.,WRAP CAMI TRIFECTA - Top,£16.99
Cotton On,CLASSIC LED ZEPPELIN 1977 TOUR - Print T-shirt,£8.99 £14.99
NAF NAF,OMILO - Blouse,£22.39 £27.99
Esprit,COO TEE - Long sleeved top,£17.99
JDY,JDYJENNIFER LIFE SINGLET - Top,£17.99
ONLY,ONLDISNEY MIX BOX - Print T-shirt,£11.39 £18.99
Anna Field,2 PACK - Top,£11.99 £14.99
ONLY,ONLPOWER PUFF - Print T-shirt,£11.39 £18.99
Anna Field,Basic T-shirt,£12.99
Pieces,PCINGRID - Print T-shirt,£10.79 £17.99
Even&Odd,Top,£10.99
ONLY,ONLNICE FRILL - Basic T-shirt,£12.99
Trendyol,Long sleeved top,£13.99
Weekday,LAST V NECK - Basic T-shirt,£8.99
Esprit,CORE - Basic T-shirt,£11.99
Weekday,STELLA CROP 2 PACK - Top,£13.49 £17.99
Levi's®,GRAPHIC CREWNECK TEE UNISEX - Print T-shirt,£16.89 £25.99
ONLY,ONLASTRID SINGLET - Top,£17.99
ICHI,IHMARRAKECH - Print T-shirt,£23.99
Anna Field,Top,£14.99
JDY,JDYNANNA STRIPE - Top,£17.99
JDY,JDYDODO - Top,£12.99
Vero Moda,VMAVA - Basic T-shirt,£9.09 £12.99
Monki,NADJA - Long sleeved top,£10.79 £17.99
Mango,ICELAND - Long sleeved top,£29.99
ONLY,ONLALBA - Blouse,£14.99
Vero Moda Tall,VMFILLI SINGLET - Top,£14.99
ARKET,Basic T-shirt,£14.99
Even&Odd,Print T-shirt,£8.99 £14.99
ARKET,Basic T-shirt,£8.99 £14.99
Even&Odd,Long sleeved top,£10.99
Levi's® Plus,PERFECT TEE - Print T-shirt,£21.99
Trendyol,Basic T-shirt,£24.99
Massimo Dutti,Top,£59.95
Calvin Klein Jeans,CORE MONOGRAM LOGO - Print T-shirt,From £34.99
Juicy Couture,BABE - Top,£29.99
Even&Odd,Long sleeved top,£9.59 £15.99
Vero Moda Petite,VMMILLA SINGLET - Top,£18.99
Tommy Hilfiger,REGULAR GRAPHIC TEE - Print T-shirt,£34.99
Esprit Collection,Long sleeved top,£44.99
Abercrombie & Fitch,LOGO TEE - Print T-shirt,£22.49 £24.99
Esprit,Blouse,£24.99
Monki,NOOR - Top,£21.99
Missguided,STRAPPY - Top,£21.99
EDITED,TAREN - Top,£34.99
ONLY,ONLKARO - Blouse,£30.99
Monki,TRICIA SINGLET 3 PACK - Top,£20.99
Kaffe,KAMARISSA BLOUSE - Blouse,£29.99
Marc O'Polo DENIM,SHORT SLEEVE WIDE BODYSHAPE V NECK - Basic T-shirt,£34.99
Trendyol,2 PACK - Print T-shirt,£13.59 £15.99
edc by Esprit,ICONIC - Basic T-shirt,£14.99
edc by Esprit,V NECK TEE - Print T-shirt,£11.89 £13.99
Vero Moda,VMANA - Top,£17.59 £21.99
ONLY,ONLDAHLIA - Print T-shirt,£14.39 £23.99
Tommy Hilfiger,REGULAR CLASSIC - Long sleeved top,£44.99
Anna Field,3 PACK - Print T-shirt,£23.99
Anna Field,3 PACK - Long sleeved top,£25.99
New Look,TURTLE NECK BODY - Long sleeved top,£10.79 £17.99
Even&Odd,2PACK - Basic T-shirt,£17.99
TOM TAILOR DENIM,CONTRAST NECK - Long sleeved top,£26.99
Esprit,Print T-shirt,£25.99
Anna Field,Long sleeved top,£12.99
Tommy Jeans,VERTICAL STRIPE LOGO TEE UNISEX - Print T-shirt,£39.99
Vero Moda,VMCINA - Basic T-shirt,£12.99
Marc Cain,Long sleeved top,£74.99
Zign,T-SHIRT-LINEN BLEND - Print T-shirt,£17.99
Kaffe,YOKO - Long sleeved top,£25.99
Even&Odd Tall,Basic T-shirt,£7.79 £12.99
Anna Field Petite,2 PACK - Top,£11.19 £13.99
mine to five TOM TAILOR,Basic T-shirt,£31.99
YOURTURN,Print T-shirt,£12.99
Vero Moda,VMLIV - Long sleeved top,£17.99 £23.99
Modström,JAKE - Print T-shirt,£34.99
Forever New,REMI RACER TANK - Top,£25.99
mbyM,LIONE - Long sleeved top,£39.99
Forever New,REMI RACER TANK - Top,£25.99
Esprit,TEE - Basic T-shirt,£17.99
Tommy Hilfiger,REGULAR BOX TEE - Print T-shirt,From £29.99
Freequent,BLOND TEE - Print T-shirt,£24.99
Anna Field,MODERN TEE - Basic T-shirt,£9.99
Anna Field,Basic T-shirt,£12.99
Anna Field,3 PACK - Top,£19.99
edc by Esprit,CORE - Print T-shirt,£14.99
Vero Moda,VMFRANCA - Long sleeved top,£13.29 £18.99
Esprit,TEE - Basic T-shirt,£25.99
Glamorous,Long sleeved top,£16.99
Even&Odd,2 PACK - Basic T-shirt,£18.59 £30.99
Zign,UNISEX - Print T-shirt,£9.74 £14.99
Cotton On,THE ORIGINAL TEE - Print T-shirt,£9.09 £12.99
Tommy Jeans,REGULAR C NECK - Basic T-shirt,£29.99
edc by Esprit,BLOUSE - Print T-shirt,£38.99
ONLY,ONLMACY LIFE FIT TOP BOX - Print T-shirt,£14.99
Vero Moda,VMHARPER - Blouse,£15.59 £25.99
Even&Odd Curvy,Long sleeved top,£8.99 £14.99
Even&Odd,Print T-shirt,£17.99
Levi's®,PERFECT TEE - Basic T-shirt,£17.59 £21.99
Tommy Hilfiger,HERITAGE SHORT SLEEVE - Polo shirt,From £49.99
